name,lng,lat
东北.阿拉坦站,119.82734,44.698233
东北.巴林站,118.664649,43.54055
东北.宝龙山站,122.747148,44.037463
东北.白音华厂,118.461556,44.777363
东北.达里风电场,116.676973,43.365376
东北.赤峰站,118.9307612,42.29711232
东北.赤热B厂,118.966165,42.262756
东北.赤西郊站,119.007097,42.327848
东北.城园站,122.254074,43.617402
东北.大板站,118.659909,43.530698
东北.代力吉风电场,123.037,44.153377
东北.东山风电场,118.69525,42.239825
东北.甘旗卡站,122.34766,42.95659
东北.哈达站,122.235609,43.467358
东北.霍煤坑口厂,119.65248,45.522235
东北.霍林河站,119.598983,45.436219
东北.霍煤厂,119.666036,45.5372
东北.华宝风电场,120.671048,42.85205
东北.鸿铝站,119.680755,45.463881
东北.河西站,122.223422,43.62593
东北.科尔沁站,122.2912942,43.65829015
东北.开鲁站,121.29089,43.639784
东北.鲁北站,120.899112,44.559662
东北.林东站,119.382625,43.973587
东北.赤煤矸石厂,119.260631,42.279963
东北.天山站,120.074054,43.88019
东北.奈曼站,120.66522,42.873117
东北.平庄站,119.280407,42.043917
东北.青山站,119.242607,42.200278
东北.赛罕坝风电场,117.505657,42.599764
东北.盛发热电厂,122.305962,43.630136
东北.孙家营风电场,119.075244,42.330795
东北.通辽厂,122.279269,43.611211
东北.通辽站,122.279269,43.611211
东北.通铝站,122.290686,43.638525
东北.五道沟风电场,118.731789,41.595663
东北.乌丹站,119.02128,42.943824
东北.乌兰北郊站,111.990354,43.647395
东北.乌套海风电场,120.069256,43.609356
东北.新惠站,119.908269,42.30432
东北.元宝山厂,119.2681694,42.18413065
东北.元宝山站,119.249438,42.24025
东北.亿合公风电场,118.35043,42.793796
东北.伊敏厂,122.57255,46.268946
东北.杨树沟站,118.13304,42.740118
东北.右中站,121.464187,45.06886
东北.中京站,119.355718,41.605813
东北.宝日希勒站,119.800861,49.354018
东北.海拉尔热电厂,119.836749,49.263201
东北.海东站,119.709576,49.449967
东北.伊敏站,119.770378,48.439049
东北.友好站,119.792235,49.179255
东北.北沙站,119.990771,48.279866
东北.呼伦站,117.840944,49.246244
东北.金矿站,119.281845,41.622908
东北.库伦站,121.839252,42.746295
东北.莫力达瓦站,124.576173,48.480222
东北.满洲里站,117.457299,49.591392
东北.突泉站,121.596521,45.38864
东北.乌兰哈达站,122.153231,46.073527
东北.音德尔站,122.940398,46.739843
东北.牙克石西郊站,120.744792,49.284504
东北.扎北风电场,120.089944,50.862159
东北.扎兰屯西郊站,122.715452,48.019205
东北.乌力吉风电场,122.717831,43.48631
东北.高力板风电场,121.83075,44.893718
东北.公主岭风电场,124.82945,43.510832
东北.昆都楞风电场,124.8283,43.509158
东北.北清河风电场,121.26134,44.020139
东北.塔拉风电场,123.342371,43.676121
东北.京科厂,121.436542,44.987676
东北.赤城东站,118.899587,42.262503
东北.巴彦托海站,119.762005,49.142438
东北.鄂温克厂,119.760111,49.154739
东北.呼伦贝尔厂,119.843897,49.267944
东北.穆家换流站,118.969319,42.775014
东北.伊敏换流站,120.39811,47.638081
东北.哈日塘风电场,121.009091,43.282674
东北.西场风电场,119.162395,41.802546
东北.大水菠萝风电场,117.770049,44.050245
东北.铜都站,118.072904,43.604653
东北.代钦风电场,121.528222,45.226937
东北.木仁风电场,120.879168,44.018635
东北.克旗煤制气厂,116.795172,43.065594
东北.兴牧风电场,120.733011,49.292297
东北.花灯风电场,122.054658,44.435068
东北.努古斯台风电场,122.233664,43.371961
东北.三合风电场,121.302632,43.622878
东北.浩日格吐风电场,121.811704,44.260954
东北.翁根山风电场,118.830549,43.575552
东北.满斗风电场,122.241323,42.865682
东北.太和风电场,120.553332,42.617123
东北.双井子风电场,116.628012,42.684054
东北.国泰风电场,122.279611,43.615317
东北.北梁风电场,117.747604,43.253331
东北.齐心营风电场,118.267712,42.622421
东北.龙泉风电场,118.676694,41.942283
东北.左家梁风电场,118.178266,42.509439
东北.建华风电场,121.399574,43.77926
东北.街基风电场,121.572298,43.33775
东北.莫力庙风电场,121.92258,43.589756
东北.九龙风电场,121.78696,39.569056
东北.扎铝站,121.472219,45.057776
东北.达赉湖热电厂,117.669779,49.331565
东北.东湖风电场,124.161455,50.426388
东北.台吉营风电场,120.230369,42.79148
东北.新大洲站,119.35213,42.439131
东北.海鲁吐站,123.223606,43.185201
东北.额尔格图风电场,122.392895,46.348715
东北.金沟梁站,120.286378,41.989238
东北.舍伯吐站,122.004646,44.039288
东北.东豪风电场,123.328388,44.133
东北.经西站,117.23231,42.970397
东北.兴安站,118.901048,42.259212
东北.兴盛风电场,122.966665,41.110221
东北.海北站,121.669669,38.995469
东北.热水站,119.333882,41.615396
东北.敖日木风电场,115.488323,43.351048
东北.锦山站,118.717349,41.941946
东北.西风口风电,119.331605,43.768081
东北.小良风电,119.530542,49.203337
东北.西旗风电,116.824453,48.666733
东北.东旗风电,118.280074,48.226184
东北.陈旗风电,119.457664,49.336741
东北.忙牛海风电,121.903413,45.238039
东北.博克图站,121.922355,48.759987
东北.唐兴风电场,122.087815,46.08012
东北.翰嘎利风电场,121.485667,45.144875
东北.蘑菇气站,122.37275,47.500193
东北.西乌金山厂,117.642808,44.568764
东北.大板厂,118.659909,43.530698
东北.久和风电场,119.30142,42.310506
东北.锦江厂,122.019128,46.07812
东北.锦联站,119.669397,45.52561
东北.冠东风电场,118.898489,42.260361
东北.额木庭风电场,121.48456,45.064156
东北.萨日风电场,121.926605,43.641238
东北.永兴风电场,121.30897,43.725687
东北.马场风电场,117.754891,43.819694
东北.水泉风电场,118.74421,42.464751
东北.兴安热电厂,120.949421,44.275303
东北.扎罗木德风电场,120.441313,49.223414
东北.深能源风电,120.441887,49.223274
东北.葫芦头风电,120.193541,50.191899
东北.庆丰站,122.066097,46.072183
俄罗斯.阿穆尔,127.517583,50.251323
东北.锦联站三期,119.669397,45.52561
东北.宁城新站,119.342564,41.601973
东北.龙城热电厂,118.951439,42.311299
东北.鞍山站,123.0077633,41.11874368
辽宁.鞍山厂,123.0077633,41.11874368
东北.渤海站,121.974392,40.743466
辽宁.滨海站,121.763456,39.037098
辽宁.博洛铺站,122.4732553,40.53625845
东北.北宁站,121.783447,41.594428
辽宁.北票站,120.8118846,41.86507103
辽宁.柏山站,120.554807,41.170232
辽宁.北石洞站,121.8405791,38.97996869
辽宁.北台站,121.309769,38.839775
辽宁.本溪站,123.7780624,41.32583763
辽宁.白玉站,125.396664,41.304755
辽宁.城昂站,122.982439,41.185969
东北.长甸厂,122.991934,41.091273
辽宁.草河口站,123.915955,40.878747
东北.程家站,123.839399,41.317404
辽宁.崔家站,122.047596,41.510823
辽宁.岔山站,121.876962,39.256639
辽宁.长山站,121.400555,39.602507
辽宁.曹屯站,121.4882884,39.4966037
辽宁.昌图站,123.9464091,43.00046212
辽宁.东鞍山站,122.962994,41.06097345
辽宁.调兵山站,123.5843479,42.44292989
辽宁.调兵山厂,123.5843479,42.44292989
辽宁.大成站,123.356268,41.834206
辽宁.丹东站,124.3385431,40.12902283
东北.丹东北站,124.3385431,40.12902283
辽宁.丹东厂,124.3385431,40.12902283
辽宁.丹东热厂,124.3385431,40.12902283
辽宁.东风站,122.277136,40.981847
东北.董家站,121.126293,38.869529
辽宁.代家沟站,123.138211,39.965865
辽宁.大连站,121.5934778,38.94870994
辽宁.东梁站,121.179453,42.304224
辽宁.大连湾火厂,121.648523,38.962567
辽宁.大开火厂,121.648523,38.962567
辽宁.大石化站,121.639556,38.9869
辽宁.大石桥站,122.5715511,40.64691545
辽宁.东胜站,122.435959,40.374346
辽宁.灯塔站,123.3125736,41.42009886
辽宁.东辛庄站,120.449898,40.379269
辽宁.东窑站,123.473601,41.860042
辽宁.阜北风电场,123.296707,40.279924
辽宁.凤城站,124.0729603,40.57957031
辽宁.富家站,121.754604,39.065444
辽宁.范家站,120.043214,40.304591
辽宁.法库站,123.2488971,42.41529784
辽宁.繁荣站,122.982015,41.120621
辽宁.抚顺热厂,123.9298198,41.87730383
辽宁.阜西风电场,121.6608221,42.01925011
辽宁.阜新风电场,121.6608221,42.01925011
辽宁.阜新厂,121.6608221,42.01925011
辽宁.复州城站,121.7231517,39.7345961
辽宁.高城山站,121.8373568,39.07482093
辽宁.弓长岭站,123.4262801,41.14596965
辽宁.港城站,122.11873,40.287674
辽宁.港湾站,121.663609,38.93168
辽宁.耿家站,122.4270629,41.35522004
辽宁.郭家站,120.421996,40.730499
辽宁.甘井子火厂,121.5285004,38.95546176
东北.高岭站,120.018429,40.153852
辽宁.工农站,120.759888,41.831367
辽宁.甘泉站,122.869651,40.970825
辽宁.高台山站,122.884242,42.033124
辽宁.钢铁站,122.314709,40.710962
辽宁.革镇堡站,121.5370397,39.01611691
辽宁.盖州站,122.4773268,40.23544147
辽宁.河北站,121.642766,42.005062
辽宁.海城站,122.748777,40.869469
辽宁.海丰站,121.920113,39.445043
辽宁.浑河站,123.38375,41.732699
东北.黄海站,122.986142,39.705369
辽宁.淮河站,120.156944,40.805682
辽宁.葫芦岛站,120.8607576,40.74302988
辽宁.宏亮站,121.816336,39.492977
辽宁.回龙水厂,122.691903,39.243906
辽宁.海派风电场,121.651796,38.933983
辽宁.红旗堡站,122.20104,40.201735
辽宁.桓仁站,125.2900279,41.26181588
辽宁.桓仁水厂,125.2900279,41.26181588
辽宁.虎石台站,123.5242519,41.95259513
辽宁.黑山站,122.2607359,41.79969789
辽宁.黄沙站,122.522787,41.216418
辽宁.红山风电场,119.611478,41.891405
辽宁.韩屯站,122.414975,39.624513
辽宁.海湾站,121.84104,39.067937
辽宁.红沿河站,121.574238,39.767219
辽宁.红沿河厂,121.574238,39.767219
辽宁.红阳热厂,123.227645,41.363448
辽宁.铧子站,123.460037,41.403624
辽宁.建昌站,119.8348915,40.71682771
辽宁.京诚站,122.210732,40.614898
辽宁.金山火厂,121.986995,39.408202
东北.金家站,121.140226,38.919614
辽宁.建平站,119.6325271,41.84222259
辽宁.锦州热厂,121.1477487,41.13087888
辽宁.金哨水厂,122.554004,39.576203
辽宁.锦西站,120.826566,40.762619
辽宁.锦州站,121.1477487,41.13087888
辽宁.锦州厂,121.1477487,41.13087888
辽宁.宽甸站,124.9341061,40.76614201
辽宁.奎德素站,119.498306,41.80328
辽宁.空港站,123.495967,41.796124
辽宁.孔家沟站,122.598978,40.72003
辽宁.康平厂,123.2735981,42.76554074
辽宁.开原站,124.283776,42.47122329
辽宁.喀左站,119.747414,41.133689
辽宁.龙城站,120.4013329,41.606227
辽宁.柳城站,120.426603,41.544783
辽宁.蓝东站,122.043938,40.145189
辽宁.辽电厂,123.421287,41.77962
辽宁.刘二堡站,122.8932809,41.66874277
辽宁.陆港站,123.446777,42.530752
辽宁.凌河站,121.1826645,41.1343804
辽宁.辽化厂,122.0183061,41.19902344
辽宁.凌海风电场,121.2855746,41.15256616
辽宁.六家子站,121.271673,41.575452
辽宁.兰家站,123.179907,41.206835
辽宁.龙康风电场,121.303001,38.849472
辽宁.六零六站,121.624364,38.921675
辽宁.柳林站,121.650891,38.921326
辽宁.岭南站,123.496405,41.745245
辽宁.李石寨站,123.733969,41.823573
辽宁.柳树站,124.3933006,40.13792191
辽宁.凌水站,121.5287082,38.88265468
辽宁.浪头站,124.341208,40.04631
辽宁.龙王站,121.701575,39.140272
东北.辽阳站,123.1724512,41.27333927
辽宁.凌源站,119.2715431,40.98180113
辽宁.闾阳站,121.68306,41.386674
辽宁.马场站,119.714341,42.082604
辽宁.镁都站,122.554131,40.61749
辽宁.马道岭站,123.612232,40.157526
辽宁.女儿河站,121.1588993,41.0942728
辽宁.南芬站,123.8278801,41.12271622
东北.南关岭站,121.6041059,39.02272638
辽宁.宁官站,123.2843575,41.76358234
辽宁.牛岗站,123.071432,42.034662
辽宁.能港厂,124.102909,41.932564
辽宁.南票厂,120.6646451,41.13703578
辽宁.南山站,120.54557,40.613379
辽宁.宁远屯站,122.9188844,41.11081283
辽宁.牛庄站,122.524451,40.940456
辽宁.平安站,122.109671,40.219202
东北.蒲河站,123.60524,41.958902
辽宁.普兰店站,122.2160395,39.65179283
辽宁.蟠龙站,121.250901,38.854077
辽宁.盘山站,121.9521656,41.19347507
东北.蒲石河水厂,124.689242,40.45944382
辽宁.青堆子站,123.2907535,41.99378092
辽宁.桥东站,124.171979,39.891877
辽宁.前杠站,123.010354,41.201285
辽宁.清河厂,124.2757802,42.50855705
辽宁.祁家站,123.139227,41.29857
辽宁.前牧站,121.444798,39.00086144
辽宁.乾武站,123.954025,41.888975
辽宁.顺城站,123.9017236,41.91601413
东北.沈东站,123.568261,41.810041
辽宁.曙光站,123.3094126,42.0344984
东北.沙河营站,123.410907,41.591867
辽宁.沈海厂,123.504363,41.821255
辽宁.孙家站,123.61138,41.994718
辽宁.苏家屯热厂,123.4262891,41.58934516
东北.沙岭站,123.2142977,41.79709469
辽宁.胜利站,123.411452,41.801362
辽宁.双岭水厂,124.717527,40.699301
辽宁.水泉站,123.837508,39.995446
辽宁.松树站,124.13305,40.726456
辽宁.首山站,123.076285,41.228716
辽宁.上善站,121.78725,39.034304
辽宁.双台子站,122.0320384,41.19322451
辽宁.松涛站,122.732903,41.516636
辽宁.沈西热厂,123.244949,41.798272
辽宁.顺阳站,121.665961,38.92434
辽宁.绥中站,120.0263017,40.30512901
东北.绥中厂,120.0263017,40.30512901
辽宁.佟二堡站,123.054321,41.447924
辽宁.天河站,121.585275,38.991403
辽宁.佟家站,122.1216137,40.82723679
辽宁.铁岭站,123.8548496,42.29975701
辽宁.铁岭厂,123.8548496,42.29975701
华北.天马站,119.253314,39.9857
辽宁.太平哨水厂,125.171491,40.878947
辽宁.团山站,121.341231,38.967143
辽宁.泰山火厂,122.364757,39.778648
辽宁.驼山风电场,120.6258374,41.58379132
东北.太平湾厂,124.707052,40.346319
辽宁.铁西站,123.3586298,41.80572417
辽宁.田庄台站,122.1240026,40.82842218
辽宁.太子河站,123.1783743,41.27459314
辽宁.万宝站,123.339652,41.419779
辽宁.文成站,123.354944,41.641473
东北.瓦房店站,121.7906988,39.7089564
辽宁.文华站,121.810383,39.031527
辽宁.望海站,121.947872,39.244814
辽宁.五环站,121.819435,39.057152
辽宁.魏家屯站,123.6617381,43.2885449
辽宁.卧龙站,123.869137,41.338677
东北.王石站,122.829808,40.867835
辽宁.吴屯站,121.9726908,39.82041062
辽宁.歪头山站,121.716166,39.522963
辽宁.王铁站,122.788113,41.053601
辽宁.兴安村站,123.708663,41.271536
辽宁.兴城站,120.4755273,40.59628424
辽宁.新城子站,123.5301794,42.05693068
辽宁.西丰站,124.7385022,42.71273943
东北.徐家站,124.082957,43.286363
辽宁.新金站,122.735194,41.896167
辽宁.薛家站,122.633442,42.643947
辽宁.新开站,121.623506,38.925127
辽宁.兴隆台站,121.9696291,41.15583089
辽宁.襄平站,123.190321,41.278866
辽宁.小市站,124.126811,41.311607
辽宁.新兴站,123.709424,41.323093
辽宁.岫岩站,123.346069,40.403181
辽宁.熊岳站,122.1295769,40.17451647
辽宁.向阳站,122.430475,39.692033
辽宁.闫店站,121.839085,39.845002
辽宁.于洪站,123.242847,41.84355102
辽宁.营口站,122.2333914,40.66865107
辽宁.营口厂,122.2333914,40.66865107
辽宁.英落站,122.71359,40.650711
辽宁.元龙站,121.587307,38.887057
辽宁.业民站,123.952175,42.51585
东北.燕南站,120.766683,41.802193
辽宁.营口热厂,122.2333914,40.66865107
东北.雁水站,121.618075,38.892702
辽宁.迎水寺站,124.0668045,41.32094801
辽宁.燕山湖厂,120.33636,41.518421
辽宁.樱桃园站,120.376567,41.60703
辽宁.义县站,121.3018774,41.53492812
辽宁.杨杖子站,120.062817,41.482162
辽宁.彰北风电场,122.502418,42.141551
辽宁.联合风电场,123.496911,41.867944
辽宁.张官站,123.5255778,41.75413839
辽宁.庄河站,122.9341453,39.85890978
辽宁.中华路站,121.620731,39.001811
辽宁.庄河火厂,122.9341453,39.85890978
辽宁.扎兰山风电场,121.850304,42.023079
辽宁.彰武站,122.4741732,42.52375444
辽宁.中心站,123.412579,41.774064
辽宁.振兴路站,123.340639,42.825205
辽宁.中寨站,124.438809,42.202451
辽宁.新立站,124.734544,42.97629149
辽宁.赫地站,123.803384,41.355603
辽宁.暖东站,123.346866,41.880092
辽宁.马山站,120.327758,41.623813
辽宁.阿金站,124.06576,41.864507
辽宁.仙人岛站,122.000169,40.191425
东北.南海站,121.920078,39.035721
辽宁.顺化站,120.84304,40.761859
东北.抚顺站,123.925854,41.894989
辽宁.峨嵋站,123.335593,41.787377
辽宁.煤制气站,121.84617,42.055776
辽宁.康平朝阳堡风电场,123.064608,42.693946
辽宁.何家站,122.038585,41.607681
辽宁.恒力站,121.275424,39.563013
辽宁.协合万家风电场,120.461474,41.566709
辽宁.宝石山站,122.81183,41.018089
辽宁.辽河站,122.6737794,41.56465791
辽宁.马风站,122.9199417,40.8153924
辽宁.锦州迎东风电场,121.1477487,41.13087888
辽宁.锦州千军风电场,121.1477487,41.13087888
辽宁.发达站,121.144963,41.128506
东北.辽中站,122.7985755,41.50033037
辽宁.北海站,123.476674,41.836702
辽宁.铁岭大兴风电场,123.8548496,42.29975701
辽宁.兰新站,121.606819,38.994205
辽宁.友爱站,123.021313,41.147526
辽宁.双利站,123.388788,41.784441
辽宁.盘锦厂,122.0732278,41.14124802
辽宁.南环站,122.839012,41.994083
辽宁.后尖山风电场,122.93526,41.732935
辽宁.朝阳存珠风电场,120.93102,42.039116
辽宁.爱国站,123.006746,41.093093
辽宁.天润留龙沟风电场,121.062715,41.410679
辽宁.绣江站,123.054918,41.288642
东北.张台站,123.28282,41.357814
辽宁.辉山站,123.5954776,41.92645209
辽宁.徐大堡站,120.584374,40.426032
辽宁.锦州黑山龙湾风电场,122.130706,41.870719
辽宁.瓷都站,123.37816,42.477301
辽宁.安岭站,123.204189,41.798343
辽宁.石桥子站,123.733182,41.458649
辽宁.宫屯站,121.9919328,39.54688785
辽宁.新地站,123.490902,41.727529
辽宁.保国站,120.923986,42.093789
辽宁.铝业站,123.537751,41.935845
辽宁.和平站,123.609533,42.644212
辽宁.华润阜新驿马池风电场,121.6608221,42.01925011
辽宁.双西站,121.904836,39.714592
辽宁.范屯站,121.5033384,39.47708827
辽宁.黄家堡站,122.88848,40.615376
辽宁.东昌站,122.359439,40.753796
辽宁.高官站,123.541992,41.825096
辽宁.昌图太平风电场,123.9464091,43.00046212
辽宁.九连城站,124.4755189,40.20901754
东北.白清寨站,123.6939711,41.58205114
辽宁.丁家站,122.477726,41.10751
辽宁.桥北站,121.72747,39.161351
辽宁.黄岗站,123.406947,40.995295
辽宁.花园口站,122.695496,39.536014
辽宁.永陵站,124.827004,41.713034
辽宁.东兴站,124.744544,41.479735
东北.利州站,119.750524,41.131202
辽宁.荣兴站,122.10627,40.789061
辽宁.金木站,122.011365,39.64542
辽宁.国成厂,121.976776,39.399424
辽宁.双山站,122.992604,40.387807
辽宁.三江口风电场,123.729674,43.374109
东北.唐家站,124.218976,42.942669
辽宁.沈化站,123.138236,41.737774
东北.鹤乡站,122.0821072,41.11369947
辽宁.龙旗站,122.435753,40.857324
辽宁.阜新太平沟风电场,121.7515005,41.94687609
辽宁.仙人岛热厂,122.000169,40.191425
辽宁.鱼台站,120.795246,40.618056
辽宁.梁殿站,122.277675,41.891121
辽宁.抚矿厂,123.90405,41.88110999
东北.历林站,122.555202,40.636351
辽宁.高花站,123.092421,41.694846
辽宁.胡台站,123.14156,41.802174
辽宁.付庄站,123.041204,41.240096
辽宁.朝阳热厂,120.488982,41.609868
辽宁.塘坊风电场,121.290021,41.533877
辽宁.榆州站,119.421949,41.269309
辽宁.边北站,123.459953,41.822241
辽宁.本溪热厂,123.7780624,41.32583763
辽宁.青云站,121.6142708,38.92321445
辽宁.铝兴站,123.524947,42.052628
辽宁.东港新农光伏电站,123.474448,39.96175
辽宁.康平三台子光伏电站,123.2735981,42.76554074
辽宁.永记光伏电站,123.387906,39.902403
吉林.三岔子,126.608466,42.091801
吉林.吉林热电厂,126.564544,43.87198833
吉林.二道江厂,126.1562801,41.77262596
吉林.小山电站厂,126.565019,42.856481
吉林.北郊,126.054146,42.966822
吉林.桃源,127.383358,44.206222
吉林.致富,126.785776,44.059765
吉林.伊通,125.294234,43.375851
吉林.两江电站厂,126.541162,43.814725
吉林.白山水厂,126.4357977,41.9458594
吉林.郑家,124.356804,43.394551
吉林.双辽,123.7085202,43.76769488
吉林.长岭,123.8665043,44.30564453
吉林.浑江厂,126.3966429,41.79164223
吉林.磐石,126.1746278,43.05745611
吉林.新立,126.737024,44.123784
吉林.延东,129.5421499,42.81559458
吉林.图们,129.8343108,43.03054892
吉林.延西,129.456556,42.899373
吉林.敦化,128.2394993,43.56020184
吉林.公主岭,124.6858822,43.79182607
吉林.水洞,126.036355,42.361402
吉林.九台,125.9688268,44.19437211
吉林.镇赉,123.4522721,45.95617192
吉林.洮南,122.4536773,45.4756043
吉林.临江,127.1917103,41.81656597
吉林.金厂子,126.312032,43.002171
吉林.靖宇,126.9024685,42.44996651
吉林.松江河,127.8595633,42.78803645
吉林.长流,125.925486,41.782562
吉林.长春二热厂,125.3136424,43.89833761
吉林.白山,126.4357977,41.9458594
吉林.苗胜,125.5283657,42.70289932
吉林.梅河,125.691159,42.540206
吉林.德惠,125.7690444,44.51050715
吉林.舒兰,127.1167723,44.33546514
吉林.辽源,125.1336861,42.92330262
吉林.桦甸,127.0413924,43.0566311
吉林.扶余,125.5645633,45.13109192
吉林.蛟河,127.3517419,43.71675608
吉林.巨丰,126.569072,43.8526
吉林.四平,124.3913821,43.1755247
吉林.白城,122.8407767,45.62108628
吉林.珲春厂,130.7023666,43.07471934
东北.东丰站,125.4548089,42.6839339
东北.包家站,126.413109,43.949165
吉林.前郭,124.603686,45.33340658
吉林.城西,126.038545,42.950286
吉林.红石水厂,127.056399,42.991653
吉林.哈达湾,126.5530718,43.96352783
吉林.双辽厂,123.7085202,43.76769488
吉林.明城,126.019535,43.199858
吉林.丰满水厂,126.6982021,43.65451533
吉林.大安,124.296206,45.513448
东北.通化站,125.9426501,41.73639713
吉林.白山热电厂,126.4357977,41.9458594
吉林.双阳,125.7128224,43.53174702
吉林.榆树,126.6025008,44.87942293
吉林.东郊,125.419035,43.91044
东北.合心站,125.154799,43.955704
吉林.西郊,125.279124,43.896793
吉林.铁东,126.62532,43.898433
吉林.农安,125.0943271,44.46150609
吉林.五棵树,126.16218,44.794773
吉林.化肥,125.29147,43.869082
吉林.松花江厂,126.543978,43.82986
吉林.长山厂,126.069684,42.916297
吉林.城南,126.036906,43.293214
吉林.汪清,129.9539944,43.54014392
东北.松原站,124.8329945,45.13604897
吉林.长白,127.8643584,41.58470916
吉林.白城发厂,122.8407767,45.62108628
东北.龙嘉站,125.687103,44.071733
吉林.玉林,126.504473,43.895197
吉林.立业,126.571319,43.8336
吉林.双沟电站厂,127.165482,42.343004
吉林.玉隆,126.580161,43.833529
吉林.三家子,126.680432,43.831136
吉林.长春三热厂,125.3136424,43.89833761
吉林.九台厂,125.9688268,44.19437211
吉林.集安,125.998992,41.25141059
吉林.长春四热厂,125.3136424,43.89833761
吉林.大岗风场,126.943166,44.492534
东北.梨树站,124.343548,43.313766
吉林.辽源发厂,125.1336861,42.92330262
吉林.六道江,126.315086,41.878045
吉林.北正风场,123.443074,44.493516
东北.甜水站,121.821238,41.353692
吉林.长山,126.069684,42.916297
吉林.金珠,127.221071,44.492192
吉林.乾安风场,123.9691234,44.92691449
吉林.江南热电厂,126.574176,43.834165
吉林.靖边,130.376297,42.902769
吉林.永清,124.123216,43.75584
吉林.四平热电厂,124.3913821,43.1755247
吉林.延吉热电厂,129.4713015,43.0596666
吉林.云峰水厂,126.529194,43.83743
吉林.乾安,123.9691234,44.92691449
吉林.国庆,124.479263,45.320002
吉林.广发,126.515973,43.883966
吉林.长春一热新厂,125.3136424,43.89833761
东北.金城站,126.745499,42.975906
吉林.白城热电厂,122.8407767,45.62108628
吉林.山门风电场,124.43663,43.089848
吉林.黑鱼泡风场,126.479857,44.521726
吉林.米沙子,125.4880992,44.14158265
东北.平安站,127.183188,44.586332
吉林.塔东,128.5003019,43.9345295
吉林.同发风场,126.579656,43.906264
吉林.金英,126.425208,44.001318
吉林.白云,126.783237,42.982101
吉林.高集岗,126.1244489,42.66101715
吉林.和龙,128.9112108,42.46644229
吉林.长春变新,125.3136424,43.89833761
吉林.梨明,125.80987,41.691018
吉林.平泉,125.342883,43.876568
吉林.石龙电站厂,126.833256,43.095286
吉林.维昌,126.598212,43.859813
吉林.蛟河厂,127.3517419,43.71675608
吉林.正阳,127.376195,43.90301
吉林.汽车,125.324234,43.929768
吉林.海兰,127.349417,43.722802
吉林.明月,127.46639,43.937891
吉林.三井子风场,125.383973,45.129789
东北.吉林东站,126.564544,43.87198833
吉林.永安风场,126.630186,43.839229
吉林.乔嘉新,126.568287,43.854283
吉林.江北,126.577786,43.879134
吉林.兴原,126.52508,43.83435
东北.瞻榆站,122.6566969,44.51612312
吉林.团结风场,122.330666,44.604179
吉林.新华风场,126.535864,43.838856
吉林.兴隆山风场,126.535864,43.838856
东北.延吉站,129.4713015,43.0596666
吉林.怀德,126.567052,43.852207
吉林.井岗风场,125.216536,43.794252
吉林.祥生,126.575381,43.812933
吉林.南城,126.956198,44.411414
吉林.永吉,126.2275601,43.60148115
吉林.甄峰风场,129.005313,42.563374
东北.哈南站,126.599671,45.602947
东北.群林站,130.290744,46.641988
东北.方正站,128.9494187,45.81976936
黑龙江.太平站,126.205175,45.64015
东北.黑河换流站,127.5008303,50.25069009
黑龙江.哈西站,126.6192191,45.71119431
黑龙江.七台河厂,131.019048,45.77500537
黑龙江.哈发厂,126.654184,45.74752
黑龙江.莲花厂,126.801953,46.346219
黑龙江.哈一热厂,126.705452,45.786599
黑龙江.镜泊湖厂,129.027104,44.010419
黑龙江.利民站,129.609296,44.584394
东北.兴福站,128.87544,47.723844
黑龙江.龙华厂,124.874069,48.501569
东北.大庆站,125.0218397,46.59670902
东北.松北站,126.4522711,45.94145815
黑龙江.大顶子山厂,127.4307325,46.24475552
黑龙江.呼玛站,124.9120023,51.81313009
黑龙江.哈东站,127.190543,45.757396
黑龙江.哈尔滨站,126.6577169,45.77322463
黑龙江.加格达奇站,124.132794,50.426
黑龙江.塔河站,124.6402034,52.71650625
黑龙江.正阳站,123.323926,47.6067
黑龙江.哈三A厂,126.26636,46.2267
黑龙江.富热A厂,123.633372,47.220163
黑龙江.伊春站,128.9005796,47.74195924
黑龙江.环山站,128.2844985,45.07352234
黑龙江.鹤南站,126.658487,45.722522
黑龙江.东郊站,127.430944,46.085147
黑龙江.江北站,127.388883,45.984995
黑龙江.城乡站,126.576028,45.724664
东北.永源站,127.031788,45.780321
东北.林海站,126.568076,45.731119
黑龙江.鹤岗A厂,130.2924721,47.3386659
东北.冯屯站,124.137203,47.470519
黑龙江.双鸭山B厂,131.1714017,46.65510206
黑龙江.鸡联站,131.10967,46.648421
黑龙江.庆北站,125.113485,46.660638
黑龙江.达连河站,129.4309471,46.17714108
黑龙江.西格木站,130.2799448,46.76097471
黑龙江.浩良河站,129.6388375,46.73504958
黑龙江.佳南站,130.310011,46.815506
黑龙江.芦家站,128.035527,46.18039
黑龙江.花马站,126.592767,45.705964
黑龙江.富锦站,132.5390014,47.17067255
黑龙江.建三江站,132.6693373,47.27239318
黑龙江.密山站,132.1765624,45.46976543
黑龙江.前锋站,133.896079,47.601368
黑龙江.城南站,130.579664,46.232473
黑龙江.红旗站,126.533942,45.586994
黑龙江.杏花站,127.169,44.90775
黑龙江.七台河站,131.019048,45.77500537
黑龙江.新民站,131.813446,46.550388
黑龙江.双鸭山站,131.1714017,46.65510206
黑龙江.饶河站,133.7292587,47.07262854
黑龙江.先锋站,126.698389,45.772521
黑龙江.齐齐哈尔站,123.9872889,47.34769981
黑龙江.让湖路站,124.8857467,46.66807975
黑龙江.红兴隆站,133.0100011,46.53621155
黑龙江.牡二A厂,129.616707,44.543619
黑龙江.中本站,125.48793,46.59342
黑龙江.富拉尔基站,123.5719984,47.22895185
黑龙江.东宁站,130.8503891,44.03243574
黑龙江.绥芬河站,131.1024565,44.40800517
黑龙江.丰乐站,125.427196,45.784259
黑龙江.福利站,131.140684,46.728732
黑龙江.雅鲁河站,122.857293,47.634533
黑龙江.繁荣站,125.882143,47.381228
黑龙江.曙光站,125.658432,48.427195
黑龙江.北郊站,123.489042,47.941268
黑龙江.卧里屯站,125.2172071,46.47054051
黑龙江.春蕾站,124.002003,47.359114
黑龙江.恒山站,130.9162668,45.13857083
黑龙江.振兴站,130.537442,47.703133
黑龙江.拉东站,124.474208,47.796901
黑龙江.双城站,126.2089303,45.42969428
黑龙江.南苑站,126.642104,45.71614
黑龙江.鹿林山站,130.2685974,47.292144
黑龙江.开发站,126.786032,45.744918
黑龙江.牡北站,129.292962,44.293082
黑龙江.北钢站,131.029746,45.29280296
黑龙江.林口站,130.0231805,45.39610173
黑龙江.梨树站,130.7652385,45.0970643
黑龙江.五常站,127.4911126,44.77254356
黑龙江.富二厂,129.604038,44.58007
黑龙江.金山站,129.430463,47.430074
黑龙江.齐热厂,124.066419,47.377812
黑龙江.平房站,126.640672,45.604265
黑龙江.建龙站,126.981493,45.566272
黑龙江.亚布力站,128.488853,44.792322
黑龙江.富裕风电厂,124.5717468,47.66582009
黑龙江.轧钢站,126.981254,45.562501
黑龙江.和平站,127.960429,44.44555
黑龙江.瑞好风电厂,125.182925,46.581534
黑龙江.马鞍山风电厂,124.858284,46.552096
黑龙江.北安站,127.111546,48.11594572
黑龙江.鸡冠山风电厂,127.170603,45.696825
黑龙江.黑河站,127.5008303,50.25069009
黑龙江.晨光风电厂,125.153516,48.786699
黑龙江.海伦站,126.8971292,47.4472696
黑龙江.富强风电厂,127.517563,46.881579
黑龙江.猴石风电厂,127.477148,46.262686
黑龙江.北架风电厂,130.523404,46.108182
黑龙江.克山站,125.7064709,48.16709076
黑龙江.驿马山风电厂,127.2440203,46.12246014
黑龙江.绥化站,126.9890946,46.64606393
黑龙江.富锦风电厂,132.5390014,47.17067255
黑龙江.嫩东站,125.228447,49.189947
黑龙江.横岱山风电厂,130.1327195,46.0412721
黑龙江.古力风电厂,132.243578,47.228393
黑龙江.白山风电厂,131.88675,45.555026
黑龙江.海林站,129.2214141,44.90361744
黑龙江.多宝山站,125.8108338,50.25566581
黑龙江.青龙风电厂,132.973456,47.729682
黑龙江.街津山风电厂,132.861559,47.935591
黑龙江.穆棱站,130.3955259,44.57686986
黑龙江.蝙蝠山风电厂,130.866136,46.761642
黑龙江.阿南站,126.613787,45.731518
黑龙江.曙光风电厂,126.55333,45.576584
黑龙江.青梅站,129.714556,44.640535
黑龙江.望云峰风电厂,130.836644,47.583422
黑龙江.宾州站,127.499044,45.762633
黑龙江.温春站,129.5065778,44.44419803
黑龙江.佳西厂,130.295178,46.814674
黑龙江.北安厂,127.111546,48.11594572
黑龙江.十文字风电厂,130.9199617,44.7538669
黑龙江.中心站,126.695354,45.746855
黑龙江.双鸭山A厂,131.1714017,46.65510206
黑龙江.大庆A厂,125.0218397,46.59670902
黑龙江.宾发站,126.259256,47.786539
黑龙江.尚志站,128.3161702,45.08389301
黑龙江.双热厂,126.818061,45.739872
黑龙江.佳木斯B厂,130.2847346,46.8137796
黑龙江.宏伟A厂,129.827939,46.487071
黑龙江.鹤立达厂,130.3089667,47.06206978
黑龙江.鹤矿热厂,130.296709,47.351332
黑龙江.宏伟B厂,129.827939,46.487071
黑龙江.乙烯厂,125.197849,46.455119
黑龙江.宝清站,132.4092786,46.40938321
黑龙江.阿城站,127.1246218,45.55733519
黑龙江.新华厂,126.840306,45.624483
黑龙江.铁力站,128.5525175,46.86632868
黑龙江.同北站,124.813957,46.040447
黑龙江.太阳山风电厂,130.169014,43.992677
黑龙江.桦川站,130.9630176,46.98925842
黑龙江.漠河站,122.7157208,52.94565862
黑龙江.哈热厂,126.698009,45.714725
黑龙江.宝山风电厂,131.5648359,46.52922798
黑龙江.兴安站,130.2443753,47.23371007
黑龙江.虎林站,133.1211061,45.9972762
黑龙江.孙吴站,127.3166723,49.37065554
黑龙江.苏家店风电厂,130.388394,46.823179
黑龙江.石青山风电厂,132.9337516,45.82143538
黑龙江.尼尔基厂,124.511244,48.48467699
黑龙江.王牵站,126.59589,45.728337
黑龙江.双牵站,126.59589,45.728337
黑龙江.康金站,126.767212,46.18773
黑龙江.延寿站,128.4639429,45.48952022
黑龙江.巴彦站,127.3242874,46.34041554
黑龙江.新立站,127.064868,46.396499
黑龙江.庆安站,127.8444898,47.07036597
黑龙江.肇东站,125.8497312,46.00930592
黑龙江.鸡西二热厂,130.9417673,45.32153989
黑龙江.哈三B厂,126.609533,45.753329
黑龙江.中盟厂,126.712217,45.756386
黑龙江.牡二B厂,129.621775,44.567526
黑龙江.新青站,129.7873569,48.21612641
黑龙江.鸡西厂,130.9417673,45.32153989
黑龙江.小城山风电厂,126.7375556,50.37495865
黑龙江.美林风电厂,125.1267473,46.59941137
黑龙江.虚拟厂站,126.592657,45.705282
黑龙江.日新站,126.709964,45.749157
黑龙江.汤原站,129.934071,46.753901
黑龙江.汤旺河站,129.5387538,48.5632626
黑龙江.绥阳风电厂,130.894534,44.433455
黑龙江.虎峰岭风电厂,128.977939,44.92978
黑龙江.红旗风电厂,126.567372,45.678237
黑龙江.爱华风电厂,126.679488,45.745088
黑龙江.昂昂溪站,123.9729346,47.10404838
黑龙江.金都站,126.981823,45.538298
黑龙江.兴凯湖风电厂,132.4147497,45.23426377
黑龙江.西牵站,128.021156,46.991925
黑龙江.东升站,129.596505,48.33307
黑龙江.大黑山风电厂,129.829661,46.256111
黑龙江.新区站,126.702563,45.787939
黑龙江.群力站,126.56624,45.755457
黑龙江.白林站,129.326995,47.521073
黑龙江.和平风电厂,128.622721,47.744068
黑龙江.海浪风电厂,129.24934,44.335217
东北.集贤站,131.1505559,46.81843708
黑龙江.德善站,128.8509342,45.81166585
黑龙江.尖山风电厂,131.178514,46.6585246
黑龙江.锦江站,123.664459,47.208561
黑龙江.河西站,126.540207,45.541195
东北.庆云站,126.985841,45.542001
黑龙江.中山站,130.013959,46.517888
黑龙江.北兴站,126.656514,45.785053
黑龙江.顶丰风电厂,125.099772,46.576971
黑龙江.双北牵站,123.964083,47.383645
黑龙江.草原风电厂,124.543521,46.493478
黑龙江.顺德风电厂,130.40424,46.817563
黑龙江.宝翠站,123.506972,47.936156
黑龙江.滴道站,130.7348359,45.35434235
黑龙江.抚远站,134.2960442,47.9261052
黑龙江.代马沟风电厂,124.2711802,47.61380141
东北.前进站,130.3979102,46.80972198
黑龙江.西城热电厂,126.982721,46.639126
黑龙江.七里嘎风电厂,131.4786,45.880223
黑龙江.锐驰风电厂,126.578635,45.724506
黑龙江.安邦河风电厂,131.160554,46.69427765
黑龙江.胡铁岭站,129.4125474,45.76680692
黑龙江.甘南站,123.515939,47.928432
黑龙江.哈拉海风电厂,123.620014,47.637117
黑龙江.乌裕尔站,125.442642,47.870868
黑龙江.大庆B厂,125.0218397,46.59670902
黑龙江.洪胜站,124.929452,46.636854
黑龙江.西南热电厂,127.86709,46.383705
黑龙江.渠首风电厂,127.936158,49.37882745
黑龙江.绥滨站,131.8565949,47.48300702
黑龙江.吉成风电厂,126.579604,45.925777
黑龙江.哈平南热电厂,126.666278,45.644424
黑龙江.岭东风电厂,131.2460242,46.45952157
黑龙江.泰中站,126.642886,45.783175
黑龙江.火炬站,125.1316894,46.65670827
黑龙江.岔林河风电厂,128.7082271,45.98641314
黑龙江.丹江风电厂,129.652842,44.58545
黑龙江.牡热厂,129.61807,44.5883
黑龙江.黑河热电厂,127.5008303,50.25069009
黑龙江.源兴站,126.676381,45.783541
黑龙江.宁钢站,124.463877,47.805187
黑龙江.中丹风电厂,127.401538,45.770064
黑龙江.长安站,126.582851,45.872248
黑龙江.双津河风电厂,127.996526,45.198283
黑龙江.柞树林站,130.9834359,47.06648882
黑龙江.大个岭风电厂,127.591919,45.57718
黑龙江.老虎岗风电厂,126.4945732,45.04676291
黑龙江.大庆110kV虚拟厂站,125.0218397,46.59670902
黑龙江.白石站,129.060761,43.979804
黑龙江.东升厂,126.710625,45.642173
黑龙江.松岭站,124.724712,52.342924
黑龙江.夹信山风电厂,129.463768,45.906954
黑龙江.阿廷河风电厂,129.0520008,48.94757518
黑龙江.瑞信风电厂,123.987715,47.358195
黑龙江.伊春110kV虚拟厂站,128.9005796,47.74195924
黑龙江.立宏风电厂,123.999074,47.368017
黑龙江.移动站,126.645303,45.573362
黑龙江.联通站,123.959098,47.337166
黑龙江.兰西站,126.2135429,46.35835014
黑龙江.江湾站,129.622594,46.163758
黑龙江.红牵站,130.299873,47.352469
黑龙江.里牵站,130.299873,47.352469
黑龙江.龙祥站,126.524365,45.834694
黑龙江.龙牵站,126.524365,45.834694
黑龙江.高牵站,126.524365,45.834695
黑龙江.纲要站,125.56668,47.697716
黑龙江.东明园风电厂,130.838773,47.579017
黑龙江.驼腰子风电厂,130.794693,46.245896
黑龙江.伊春热电厂,128.9005796,47.74195924
黑龙江.宋牵站,130.299846,47.352564
黑龙江.太保站,131.246714,46.741405
黑龙江.东堤风电厂,129.596723,46.330172
黑龙江.安达热电厂,125.3845524,46.53546713
黑龙江.胜利风电厂,127.578934,47.31809
黑龙江.磨牵站,127.578934,47.3181
黑龙江.穆牵站,127.578934,47.31811
黑龙江.鳞牵站,127.578934,47.31812
黑龙江.芬牵站,127.578934,47.31813
黑龙江.万龙风电厂,126.664073,45.726736
黑龙江.任兴站,127.488669,46.411543
黑龙江.细鳞河站,128.7891402,45.34160056
黑龙江.东辉风电厂,126.615692,45.757347
黑龙江.青冈站,125.9605242,46.84656051
黑龙江.拉弹泡风电厂,124.6022722,46.7451395
黑龙江.龙杨光伏电站,124.425603,47.013259
东北.鸡西站,130.9417673,45.32153989
黑龙江.米都站,126.554714,45.873378
黑龙江.友谊光伏电站,131.8549989,46.78859281
黑龙江.泰光光伏电站,131.8549989,46.78859281
黑龙江.农义光伏电站,125.41611,46.441013
黑龙江.富热B厂,123.633372,47.220163
黑龙江.新海风电厂,129.41075,44.579992
黑龙江.绿洲光伏电站,126.65647,45.76846
黑龙江.榆牵站,126.65647,45.76847
黑龙江.鹤岗B厂,130.2924721,47.3386659
东北.清源站,130.338925,46.813813
黑龙江.蓝天光伏电站,126.676658,45.753507
黑龙江.平岗风电厂,130.770947,45.163731
黑龙江.银浪风电厂,124.8474452,46.50884131
黑龙江.五连湖风电厂,126.175351,48.737904
黑龙江.爱建站,126.609205,45.768641
黑龙江.哈尔滨110kV虚拟厂站,126.6577169,45.77322463
黑龙江.长元光伏电站,126.6577169,45.77322463
黑龙江.泉林厂,126.681347,45.764826
黑龙江.佳木斯110kV虚拟厂站,130.2847346,46.8137796
黑龙江.同榆站,127.144832,44.920807
黑龙江.白牵站,127.144832,44.920808
黑龙江.碾牵站,127.144832,44.920809
黑龙江.兴旺光伏电站,129.097257,45.955477
黑龙江.万福光伏电站,126.76048,47.118576
黑龙江.太平桥站,126.685836,45.790895
黑龙江.华光光伏电站,123.664174,47.218868
黑龙江.青肯泡光伏电站,125.512695,46.335014
黑龙江.新阳光伏电站,126.6228843,45.7648678
黑龙江.宁姜光伏电站,123.779148,46.33606
黑龙江.太牵站,123.779148,46.33607
黑龙江.辉庆光伏电站,123.779148,46.33608
黑龙江.绿锐光伏电站,123.779148,46.33609
黑龙江.富荣光伏电站,127.812983,46.424153
东北.额尔敦风电场,116.094619,43.941284
东北.达赉东风电场,117.481863,49.601451
东北.团结站,122.231835,43.482175
东北.锦绣站,128.939052,47.904868
东北.天源风电场,122.216607,43.652442
东北.阿尔山站,119.954307,47.178283
东北.德伯斯站,121.371114,46.498875
东北.吉利风电场,121.371114,46.498876
东北.和谊站,120.732371,42.872909
东北.扣河子站,121.254258,42.469614
东北.柳河风电场,117.53532,43.247138
东北.大于营风电场,118.246907,42.630319
东北.南广场站,118.246907,42.63032
东北.黄羊洼风电场,119.833578,42.733717
东北.太本站,118.418279,44.086547
东北.哈克站,120.084896,49.194144
东北.敖伦风电场,121.9566,42.845098
东北.驰宏站,119.773352,49.216796
东北.永丰站,124.388876,48.663251
东北.诺门罕站,122.057463,46.12191
东北.阿木古郎站,118.277639,48.224048
东北.红星站,122.297223,43.626195
东北.罕苏木站,119.922182,44.437115
东北.前旗站,121.97433,46.081046
东北.塔林花风电场,119.961072,44.387352
东北.高尔真风电,119.961072,44.387353
东北.兴安风电,120.774109,49.297922
东北.深能光伏,120.774109,49.297923
东北.富河站,119.299132,44.459083
东北.牧场站,121.684746,44.163913
东北.五角枫站,121.527315,45.225604
东北.哲里木站,120.601488,45.561464
东北.立竣站,120.601488,45.561465
东北.茂道吐站,122.979012,43.638836
东北.功然站,122.979012,43.638837
东北.萨如拉站,120.396099,45.465648
东北.红土井风电场,119.363884,44.009072
东北.马林站,119.204731,42.270869
东北.八连站,119.204731,42.27087
东北.阿荣旗站,123.463711,48.133126
东北.柏林站,119.249541,41.820899
东北.松州站,118.947516,42.266053
东北.金安站,119.041685,42.307653
东北.字山站,117.540281,43.239625
东北.联合风电场,118.930599,42.334397
东北.深能义和风电场,120.938677,43.744183
东北.哈日道布风电场,120.748396,42.798068
东北.煤窑山风电场,118.881222,42.546222
辽宁.鞍钢三厂,122.936257,41.153031
辽宁.王四营子风电场,122.079152,41.984761
吉林.华能煤矸石厂,126.535291,43.88831
东北.通辽二厂,122.2603633,43.63375607
东北.三湖风电,126.565797,43.814331
辽宁.华昌站,121.646403,38.920779
辽宁.劝工站,121.646403,38.92078
辽宁.太原站,123.405528,41.795951
辽宁.五爱站,123.45694,41.793866
辽宁.阜煤厂,121.725383,42.027374
东北.凤凰岭风电场,124.525071,40.503598
东北.虚拟站一,124.525071,40.503599
东北.虚拟站三,124.525071,40.5036
东北.虚拟站二,124.525071,40.503601
东北.虚拟站四,124.525071,40.503602
国调.胜利特高压站,116.052364,43.949413
国调.锡盟特高压站,116.052364,43.949413
辽宁.T接线虚拟站,116.052364,43.949414
东北.阜新站,121.664909,42.064019
东北.冯屯串补站,124.135047,47.475643
国调.锡林浩特换流站,116.034976,43.925453
